Código,Nome,Enderezo,Concello,Provincia,Cód. postal,Teléfono,Tipo de centro,COORDENADA_X,COORDENADA_Y,TITULARIDADE,ENSINO_CONCERTADO,DEPENDENTE,Distancia_Santiago_km,Tiempo_Santiago_min
15001136,IES Francisco Aguiar,Avenida Da Coruña 15,Betanzos,A Coruña,15300,881960165,IES,43.2824897766113,-8.21709442138672,Pública,Non,Si,66.8,48
15001148,IES As Mariñas,Avenida da Coruña s/n,Betanzos,A Coruña,15300,881880254,IES,43.2834777832031,-8.21562480926514,Pública,Non,Si,67.0,49
15002581,IES Alfredo Brañas,Rúa Vila de Corcubión s/n,Carballo,A Coruña,15100,981700911,IES,43.217155456543,-8.6851110458374,Pública,Non,Si,45.7,53
15002591,IES Monte Neme,Rúa Nacente 29,Carballo,A Coruña,15106,881960050,IES,43.2122917175293,-8.70439052581787,Pública,Non,Si,46.5,54
15003212,IES Agra de Raíces,Rúa Buenaventura Castro Rial,Cee,A Coruña,15270,881880486,IES,42.9579925537109,-9.18631935119629,Pública,Non,Si,72.9,83
15003224,IES Fernando Blanco,Avenida Fernando Blanco 99,Cee,A Coruña,15270,881880465,IES,42.9550247192383,-9.18651580810547,Pública,Non,Si,72.7,82
15004204,IES Rosalía Mera,Rúa Archer M. Huntington 24,A Coruña,A Coruña,15011,981252600,IES,43.372447968,-8.42169666299998,Pública,Non,Non,76.0,58
15005002,IES Ramón Otero Pedrayo,Avenida Monelos 10 A,A Coruña,A Coruña,15008,881960960,IES,43.3478775024414,-8.40366077423096,Pública,Non,Si,72.5,52
15005211,IES Salvador de Madariaga,Rúa Paseo de Ronda 49,A Coruña,A Coruña,15011,881960235,IES,43.370002746582,-8.42080116271973,Pública,Non,Si,75.6,57
15005221,IES Plurilingüe Eusebio da Guarda,Praza de Pontevedra 20,A Coruña,A Coruña,15003,881960060,IES,43.3683090209961,-8.40811061859131,Pública,Non,Si,74.5,55
15005233,IES Agra do Orzán,Rúa Alcalde Liaño Flores s/n,A Coruña,A Coruña,15010,881880080,IES,43.362693787,-8.42508411400001,Pública,Non,Si,74.9,57
15005245,IES Monelos,Rúa Montes 62,A Coruña,A Coruña,15009,881880041,IES,43.3494148254394,-8.40068912506104,Pública,Non,Si,72.6,54
15005257,IES Ramón Menéndez Pidal,Rúa Instituto Zalaeta,A Coruña,A Coruña,15002,981203000,IES,43.3736228942871,-8.39983940124512,Pública,Non,Si,75.3,57
15005269,IES Urbano Lugrís,Avenida de Arteixo,A Coruña,A Coruña,15007,881960715,IES,43.3505058288574,-8.41854190826416,Pública,Non,Si,74.2,54
15005269,IES Urbano Lugrís,Avenida de Arteixo,A Coruña,A Coruña,15007,881960715,IES,43.3505058288574,-8.41854190826416,Pública,Non,Si,63.7,75
15005300,IES Rafael Puga Ramón,Rúa Leopoldo Alas Clarín 4,A Coruña,A Coruña,15008,981080188,IES,43.3494873046875,-8.41105365753174,Pública,Non,Non,73.0,54
15005397,IES Fernando Wirtz Suárez,Rúa Cabaleiros 1,A Coruña,A Coruña,15006,881960260,IES,0.0,0.0,Pública,Non,Si,ERROR,ERROR
15005579,IES Plurilingüe Elviña,Rúa San José de Calasanz 6,A Coruña,A Coruña,15008,881961061,IES,43.3451461791992,-8.41067218780518,Pública,Non,Si,72.5,52
15006687,IES de Catabois,Estrada de Catabois s/n,Ferrol,A Coruña,15405,881930233,IES,43.5065803527832,-8.22056865692139,Pública,Non,Si,97.4,67
15006730,IES Sofía Casanova,Rúa O Galego Soto s/n,Ferrol,A Coruña,15403,981311500,IES,43.485897064209,-8.22219944000244,Pública,Non,Si,96.7,68
15006742,IES Concepción Arenal,Rúa Cuntis s/n,Ferrol,A Coruña,15403,881930170,IES,43.4877738952637,-8.228759765625,Pública,Non,Si,96.8,68
15006791,IES Saturnino Montojo,Avenida Mac Mahon s/n,Ferrol,A Coruña,15403,881930225,IES,43.4797134399414,-8.22501564025879,Pública,Non,Si,97.2,69
15008301,IES Urbano Lugrís,Estrada Santo Hadrián s/n,Malpica de Bergantiños,A Coruña,15113,881880725,IES,43.3237266540527,-8.83340454101563,Pública,Non,Si,74.2,54
15008301,IES Urbano Lugrís,Estrada Santo Hadrián s/n,Malpica de Bergantiños,A Coruña,15113,881880725,IES,43.3237266540527,-8.83340454101563,Pública,Non,Si,63.7,75
15008817,IES de Melide,O Marquiño,Melide,A Coruña,15800,881866109,IES,42.9177474975586,-8.01108741760254,Pública,Non,Si,53.0,47
15010812,IES Virxe do Mar,Avenida Rosalia Castro 1,Noia,A Coruña,15200,881866831,IES,42.7843055725098,-8.88857078552246,Pública,Non,Si,38.9,36
15012730,IES Camilo José Cela,Rúa Carme 43,Padrón,A Coruña,15900,881866240,IES,42.7371139526367,-8.6633996963501,Pública,Non,Si,28.6,27
15014568,IES Nº 1,Avenida da Coruña 170,Ribeira,A Coruña,15960,881866904,IES,42.568649292,-8.98449897900002,Pública,Non,Si,67.4,49
15015743,IES Arcebispo Xelmírez I,Rúa Poza de Bar s/n,Santiago de Compostela,A Coruña,15705,881866962,IES,42.8782577514648,-8.55269145965576,Pública,Non,Si,1.4,6
15015755,IES Plurilingüe Rosalía de Castro,Rúa San Clemente 3,Santiago de Compostela,A Coruña,15705,881866556,IES,42.877574921,-8.54671764400001,Pública,Non,Si,0.2,1
15015861,IES Eduardo Pondal,Rúa Doctor Maceira 9,Santiago de Compostela,A Coruña,15706,881866367,IES,42.8710594177246,-8.55441856384277,Pública,Non,Si,1.4,5
15015861,IES Eduardo Pondal,Rúa Doctor Maceira 9,Santiago de Compostela,A Coruña,15706,881866367,IES,42.8710594177246,-8.55441856384277,Pública,Non,Si,66.3,77
15020544,IES de Ortigueira,Rúa Constitución s/n,Ortigueira,A Coruña,15330,881930407,IES,43.6861801147461,-7.85483837127686,Pública,Non,Si,135.9,111
15020556,IES Breamo,Rúa Ricardo Sanchez 5,Pontedeume,A Coruña,15600,881930435,IES,43.4060707092285,-8.16719818115234,Pública,Non,Si,81.6,57
15021470,IES Canido,Rúa Navegantes s/n,Ferrol,A Coruña,15401,881938230,IES,43.4874572753906,-8.23963832855225,Pública,Non,Si,96.8,68
15021482,IES San Clemente,Rúa San Clemente s/n,Santiago de Compostela,A Coruña,15705,881867501,IES,-8.54745292699999,42.878562927,Pública,Non,Si,0.4,2
15021755,IES Cabo Ortegal,Rúa POZO DE PEREIRA 22,Cariño,A Coruña,15360,881960101,IES,43.7384185791016,-7.87852239608765,Pública,Non,Si,136.1,113
15021767,IES Plurilingüe Castro da Uz,Rúa José Mª Penabad López s/n,As Pontes de García Rodríguez,A Coruña,15320,881930001,IES,-7.853585721,43.461284637,Pública,Non,Si,110.7,88
15022620,IES de Curtis,Rúa Germán de Castro s/n,Curtis,A Coruña,15310,881880620,IES,43.1195640563965,-8.14786434173584,Pública,Non,Si,54.8,51
15023090,IES Macías o Namorado,Rúa Agro do Medio s/n,Padrón,A Coruña,15900,881866760,IES,42.735424041748,-8.66215515136719,Pública,Non,Si,28.8,28
15023302,IES Manuel Murguía,Avenida Arsenio Iglesias s/n,Arteixo,A Coruña,15142,881961260,IES,-8.50953865100001,43.309734344,Pública,Non,Si,85.4,62
15023314,IES de Sabón,Avenida Arsenio Iglesias 47,Arteixo,A Coruña,15142,881960140,IES,43.3120803833008,-8.51039695739746,Pública,Non,Si,85.2,61
15023338,IES Praia Barraña,Avenida Compostela s/n,Boiro,A Coruña,15930,881866601,IES,42.6426734924316,-8.89306831359863,Pública,Non,Si,54.4,43
15023466,IES Lamas de Abade,Rúa Raiola 8,Santiago de Compostela,A Coruña,15702,881866611,IES,42.8547019958496,-8.52408409118652,Pública,Non,Si,5.5,12
15025268,IES As Telleiras,Estrada Cedeira km.1,Narón,A Coruña,15570,881930350,IES,43.5146408081055,-8.18900966644287,Pública,Non,Si,93.6,64
15025301,IES Arcebispo Xelmírez II,Rúa Irmandiños 15,Santiago de Compostela,A Coruña,15704,881867055,IES,42.8928985595703,-8.53436088562012,Pública,Non,Si,2.8,9
15025530,IES da Pobra do Caramiñal,Xobre (Maño),A Pobra do Caramiñal,A Coruña,15940,881867064,IES,42.5958709716797,-8.92855834960938,Pública,Non,Si,65.5,50
15025566,IES Ferrol Vello,"Rúa Alonso Lopez, s/n (Ferrol Vello)",Ferrol,A Coruña,15401,881930291,IES,43.4804878234863,-8.2446174621582,Pública,Non,Si,98.6,69
15025611,IES Monte das Moas,Rúa José María Hernansaez 23,A Coruña,A Coruña,15009,881961280,IES,-8.39419841799997,43.350418091,Pública,Non,Si,74.0,55
15025645,IES Ricardo Carvalho Calero,Avenida Castelao s/n,Ferrol,A Coruña,15406,881938138,IES,43.4831085205078,-8.20494174957275,Pública,Non,Si,96.4,69
15025657,IES de Mugardos,Rúa O Cristo s/n,Mugardos,A Coruña,15620,881938200,IES,43.4588928222656,-8.26135444641113,Pública,Non,Si,93.0,68
15025694,IES Moncho Valcarce,Rúa Jose M. Penabad Lopez s/n,As Pontes de García Rodríguez,A Coruña,15320,881930055,IES,43.4595565795898,-7.85472822189331,Pública,Non,Si,110.8,89
15025712,IES Antonio Fraguas Fraguas,Rúa Londres 10,Santiago de Compostela,A Coruña,15703,881867940,IES,-8.53013610800002,42.881244659,Pública,Non,Si,2.9,8
15026029,IES Isaac Díaz Pardo,A Laguna 19,Sada,A Coruña,15160,881880942,IES,43.3467864990234,-8.25531387329102,Pública,Non,Si,69.6,53
15026030,IES Terra de Xallas,Rúa Rosalía de Castro s/n,Santa Comba,A Coruña,15840,881867080,IES,43.0350189208984,-8.81655788421631,Pública,Non,Si,33.7,42
15026121,IES Plurilingüe Xosé Neira Vilas,Rúa Xose Neira Vilas 3,Oleiros,A Coruña,15172,881880858,IES,43.3369140625,-8.37273502349854,Pública,Non,Si,71.9,52
15026352,IES Brión,Paseo de Pedrouzos 3,Brión,A Coruña,15865,881866058,IES,42.8624458312988,-8.6776647567749,Pública,Non,Si,14.6,17
15026376,IES Punta Candieira,Rúa do Ensino s/n,Cedeira,A Coruña,15350,881930076,IES,43.6574668884277,-8.04723834991455,Pública,Non,Si,121.8,92
15026388,IES Plurilingüe Fontexería,Rúa Agra de Baño 21,Muros,A Coruña,15259,881867110,IES,42.7888450622559,-9.06274223327637,Pública,Non,Si,57.7,56
15026391,IES Xulián Magariños,Rúa Castelao s/n,Negreira,A Coruña,15830,881867126,IES,42.9129676818848,-8.73277854919434,Pública,Non,Si,23.5,30
15026406,IES Eduardo Pondal,Rúa Teresa Mosquera Manso s/n,Ponteceso,A Coruña,15110,881880924,IES,-8.89124393499998,43.240123749,Pública,Non,Si,1.4,5
15026406,IES Eduardo Pondal,Rúa Teresa Mosquera Manso s/n,Ponteceso,A Coruña,15110,881880924,IES,-8.89124393499998,43.240123749,Pública,Non,Si,66.3,77
15026418,IES Terra de Soneira,Gandara 25,Vimianzo,A Coruña,15129,881866519,IES,43.1042709350586,-9.04212856292725,Pública,Non,Si,60.8,69
15026421,IES Plurilingüe Rafael Dieste,Ronda de Outeiro 334,A Coruña,A Coruña,15011,881960930,IES,43.3689002990723,-8.4240779876709,Pública,Non,Si,75.3,56
15026455,IES Terra de Trasancos,Camiño REAL s/n,Narón,A Coruña,15570,881938159,IES,43.5144271850586,-8.18601036071777,Pública,Non,Si,94.1,65
15026698,IES Espiñeira,Espiñeira,Boiro,A Coruña,15930,881866630,IES,42.6567573547363,-8.88231372833252,Pública,Non,Si,51.8,39
15026704,IES David Buján,Camiño dos Cacharros 1,Cambre,A Coruña,15181,881961200,IES,43.2867088317871,-8.35480499267578,Pública,Non,Si,65.9,50
15026716,IES Plurilingüe Adormideras,Rúa Juan Sebastián Elcano 28,A Coruña,A Coruña,15002,881880086,IES,43.383171081543,-8.39629077911377,Pública,Non,Si,77.4,62
15026731,IES Campo de San Alberto,Rúa Egas Moniz 6,Noia,A Coruña,15200,881867135,IES,42.787223815918,-8.88771438598633,Pública,Non,Si,38.2,35
15026753,IES A Pontepedriña,Rúa Amor Ruibal (A Pontepedriña),Santiago de Compostela,A Coruña,15702,881867152,IES,-8.54648589999999,42.867851257,Pública,Non,Si,1.7,6
15026807,IES Félix Muriel,Rúa MARÍA ANA MOGAS 1,Rianxo,A Coruña,15920,881866646,IES,42.6533584594726,-8.80803108215332,Pública,Non,Si,47.1,39
15027058,IES As Fontiñas,Rúa ESTOCOLMO 5,Santiago de Compostela,A Coruña,15707,881866661,IES,42.8861045837402,-8.52310943603516,Pública,Non,Si,3.7,11
15027125,IES de Viós,Lugar A Poceira 8,Abegondo,A Coruña,15318,881960793,IES,43.2026138305664,-8.28501605987549,Pública,Non,Si,56.5,55
15027216,IES Fernando Esquío,Rúa Empedron 16,Neda,A Coruña,15510,881930387,IES,43.5138854980469,-8.15099143981934,Pública,Non,Si,91.7,64
15027228,IES María Casares,Avenida CHE GUEVARA 140,Oleiros,A Coruña,15179,981626344,IES,43.3399467468262,-8.35147571563721,Pública,Non,Si,73.9,55
15027307,IES Isidro Parga Pondal,Muiño da Pintura,Carballo,A Coruña,15100,881880371,IES,43.2219161987305,-8.69083976745606,Pública,Non,Si,ERROR,ERROR
15027319,IES de Sar,Rúa BERNARDO BARREIRO DE V.V. s/n,Santiago de Compostela,A Coruña,15702,881867162,IES,42.8744697570801,-8.54016494750977,Pública,Non,Si,1.1,4
15027368,IES Maximino Romero de Lema,Prado da Torre s/n,Zas,A Coruña,15150,881960015,IES,43.1445388793945,-8.95662498474121,Pública,Non,Si,54.2,65
15027411,IES de Cacheiras,Costenla 36,Teo,A Coruña,15883,881866473,IES,42.8199272155762,-8.55569934844971,Pública,Non,Si,11.0,15
15027654,IES Agra de Leborís,Rúa Rosalia de Castro s/n,A Laracha,A Coruña,15145,881880676,IES,43.2466087341309,-8.58415222167969,Pública,Non,Si,63.0,62
15027691,IES de Porto do Son,Rúa As Laxes 18,Porto do Son,A Coruña,15970,881866707,IES,42.7316665649414,-8.9909143447876,Pública,Non,Si,49.2,46
15027711,IES Leliadoura,Frións,Ribeira,A Coruña,15967,881867186,IES,42.5538864135742,-9.00589179992676,Pública,Non,Si,69.5,52
15027721,IES Plurilingüe de Ames,"Rúa Peregrina, s/n (Bertamirans)",Ames,A Coruña,15220,881866729,IES,42.8681182861328,-8.65832328796387,Pública,Non,Si,12.6,16
15027733,IES de Arzúa,Rúa do Castro s/n,Arzúa,A Coruña,15810,881866047,IES,42.9298248291016,-8.15536403656006,Pública,Non,Si,38.2,33
15027770,IES A Sardiñeira,Avenida da Sardiñeira 41,A Coruña,A Coruña,15008,881960150,IES,43.349910736084,-8.41621971130371,Pública,Non,Si,73.3,53
15027782,IES Ordes,Rúa Mestre Nicolas del Rio s/n,Ordes,A Coruña,15680,881960334,IES,43.0740242004395,-8.40311908721924,Pública,Non,Si,35.8,33
15027851,IES A Cachada,Avenida Municipalidade de Avellaneda s/n,Boiro,A Coruña,15930,881866717,IES,42.6440925598145,-8.88628673553467,Pública,Non,Si,54.7,44
15027861,IES Pedra da Aguia,Rúa Mestra Silvia Lijó s/n,Camariñas,A Coruña,15121,881880294,IES,-9.11017608600002,43.143379211,Pública,Non,Si,70.4,80
15027873,IES Afonso X O Sabio,Rúa Río Sil 9,Cambre,A Coruña,15660,881880339,IES,43.3013687133789,-8.3560791015625,Pública,Non,Si,67.7,50
15027885,IES Lamas de Castelo,Lugar Lamas de Castelo s/n,Carnota,A Coruña,15293,881867200,IES,-9.08370208700001,42.833126068,Pública,Non,Si,65.8,69
15027903,IES Eduardo Blanco Amor,Lugar CORDEDA s/n,Culleredo,A Coruña,15174,881960347,IES,43.3182945251465,-8.37944889068604,Pública,Non,Si,68.3,51
15027915,IES Fin do Camiño,Rúa Voluntariado 18,Fisterra,A Coruña,15155,881960528,IES,42.9135665893555,-9.26966857910156,Pública,Non,Si,80.8,90
15027927,IES Ramón Caamaño,Rúa Manuel Lastres 33,Muxía,A Coruña,15124,881880775,IES,43.1022071838379,-9.21734142303467,Pública,Non,Si,72.4,81
15027939,IES Maruxa Mallo,As Casillas s/n,Ordes,A Coruña,15680,881880869,IES,43.0694961547851,-8.4135103225708,Pública,Non,Si,29.5,34
15027940,IES As Insuas,Rúa Camiño Real 6,Muros,A Coruña,15259,881867208,IES,42.7906608581543,-9.06303977966309,Pública,Non,Si,57.9,57
15027952,IES Miraflores,Avenida de Miguel Hernandez 4,Oleiros,A Coruña,15173,881880845,IES,43.3308143615723,-8.32009410858154,Pública,Non,Si,65.9,51
15027964,IES de Oroso,Rúa da Tosca 59,Oroso,A Coruña,15888,881866187,IES,42.9699859619141,-8.43530178070068,Pública,Non,Si,20.1,23
15027976,IES Poeta Añón,Rúa Poeta Añón 21,Outes,A Coruña,15230,881866221,IES,42.8433265686035,-8.9122314453125,Pública,Non,Si,39.4,37
15032081,IES de Fene,"O Pazo, 13-15",Fene,A Coruña,15528,881938280,IES,43.4614677429199,-8.183762550354,Pública,Non,Si,86.2,61
15032145,IES de Pastoriza,"Rúa do Lagarto, esq. Furoca s/n",Arteixo,A Coruña,15140,881961240,IES,-8.46344184899999,43.333690643,Pública,Non,Si,77.6,60
15032662,IES O Mosteirón,Rúa Esperela S/N,Sada,A Coruña,15168,881880949,IES,43.3496017456055,-8.29201698303223,Pública,Non,Si,69.7,53
15032807,IES do Milladoiro,Rúa Paseo da Igualdade (O Milladoiro) 5,Ames,A Coruña,15895,881867863,IES,42.8457527160644,-8.58228492736816,Pública,Non,Si,6.4,13
15032923,IES de Carral,Costa do Pincho s/n,Carral,A Coruña,15175,881960480,IES,43.1804885864258,-9.03700637817383,Pública,Non,Si,76.1,80
15032935,IES Rego de Trabe,Avenida de Rutis,Culleredo,A Coruña,15174,881960801,IES,43.3128433227539,-8.376145362854,Pública,Non,Si,67.7,50
27003151,IES Lama das Quendas,Rúa Uxío Novoneyra,Chantada,Lugo,27500,982870223,IES,42.6125411987305,-7.77578830718994,Pública,Non,Si,86.6,69
27003175,IES Val do Asma,Avenida de Monforte s/n,Chantada,Lugo,27500,982870236,IES,42.607967376709,-7.75765657424927,Pública,Non,Si,89.1,70
27006531,IES Lucus Augusti,Avenida Rodriguez Mourelo s/n,Lugo,Lugo,27002,982828020,IES,43.0066070556641,-7.55676984786987,Pública,Non,Si,102.7,85
27006541,IES Nosa Sra. dos Ollos Grandes,Avenida Ramón Ferreiro s/n,Lugo,Lugo,27002,982870003,IES,43.0063171386719,-7.55626535415649,Pública,Non,Si,102.4,84
27006553,IES Xoán Montes,Rúa Montevideo,Lugo,Lugo,27001,982870407,IES,43.0120468139648,-7.56190872192383,Pública,Non,Si,101.7,82
27006966,IES Plurilingüe San Rosendo,Avenida As San Lucas 33,Mondoñedo,Lugo,27740,982870539,IES,43.4280662536621,-7.36829614639282,Pública,Non,Si,156.8,101
27007247,IES Francisco Daviña Rey,Rúa Doutor Casares 63-67,Monforte de Lemos,Lugo,27400,982828200,IES,42.5250282287598,-7.51197719573975,Pública,Non,Si,116.7,99
27007259,IES Río Cabe,Rúa San Pedro s/n,Monforte de Lemos,Lugo,27400,982828034,IES,42.5262298583984,-7.507896900177,Pública,Non,Si,117.0,99
27012036,IES Gregorio Fernández,Rúa Castelao s/n,Sarria,Lugo,27600,982870790,IES,42.7719535827637,-7.40750360488892,Pública,Non,Si,130.1,100
27012048,IES Xograr Afonso Gómez de Sarria,"Rúa Ánxel Fole, s/n (Zona escolar)",Sarria,Lugo,27600,982870801,IES,42.7734832763672,-7.40762519836426,Pública,Non,Si,130.0,100
27013314,IES Santiago Basanta Silva,Cidade Cultural M. Fraga Iribarne,Vilalba,Lugo,27800,982870872,IES,43.2935905456543,-7.68097496032715,Pública,Non,Si,121.7,82
27013326,IES Lois Peña Novo,Rúa Quart de Poblet s/n,Vilalba,Lugo,27800,982870860,IES,43.293041229248,-7.68322944641113,Pública,Non,Si,122.0,83
27013636,IES María Sarmiento,Rúa Misericordia 58,Viveiro,Lugo,27850,982870916,IES,43.6678009033203,-7.60139131546021,Pública,Non,Si,175.0,131
27013648,IES Vilar Ponte,Rúa Antonio Ledesma 20,Viveiro,Lugo,27850,982870901,IES,43.6672515869141,-7.60047912597656,Pública,Non,Si,175.2,133
27013934,IES Perdouro,Rúa do Instituto s/n,Burela,Lugo,27880,982870102,IES,43.6520767211914,-7.35693454742432,Pública,Non,Si,190.9,129
27013958,IES Monte Castelo,Rúa do Ril s/n,Burela,Lugo,27880,982828241,IES,43.6513633728027,-7.35670900344849,Pública,Non,Si,191.1,130
27014811,IES Plurilingüe Fontem Albei,Rúa Marmoiral s/n,A Fonsagrada,Lugo,27100,982828263,IES,43.1323089599609,-7.06626892089844,Pública,Non,Si,168.7,133
27015189,IES de Quiroga,Rúa Pereiro s/n,Quiroga,Lugo,27320,982828274,IES,42.4737892150879,-7.26923274993897,Pública,Non,Si,152.2,128
27015311,IES A Pinguela,Estrada de Sober s/n,Monforte de Lemos,Lugo,27400,982828051,IES,-7.52585458800002,42.511955261,Pública,Non,Si,118.6,100
27015761,IES Ánxel Fole,Rúa Angelo Colocci s/n,Lugo,Lugo,27003,982870991,IES,43.0242118835449,-7.57075500488281,Pública,Non,Si,103.1,84
27015773,IES Muralla Romana,"Rúa Angelo Colocci, s/n",Lugo,Lugo,27003,982828081,IES,43.024055480957,-7.57119989395142,Pública,Non,Si,103.1,84
27015891,"IES da Terra Chá, José Trapero Pardo","Avenida da Terra Cha, s/n (Castro)",Castro de Rei,Lugo,27260,982870144,IES,43.1470603942871,-7.49062633514404,Pública,Non,Si,130.5,88
27016200,IES Poeta Díaz Castro,"Rúa Xermade, s/n (Guitiriz)",Guitiriz,Lugo,27300,982870342,IES,43.1864967346191,-7.89890432357788,Pública,Non,Si,ERROR,ERROR
27016248,IES de Monterroso,Rúa Salvador Arotzarena,Monterroso,Lugo,27560,982870573,IES,42.7972984313965,-7.83418560028076,Pública,Non,Si,ERROR,ERROR
27016297,IES Enrique Muruais,Zona escolar s/n,A Pontenova,Lugo,27720,982870033,IES,43.3541564941406,-7.19299793243408,Pública,Non,Si,177.4,120
27016303,IES Pedregal de Irimia,Rúa Federico González López s/n,Meira,Lugo,27240,982870520,IES,43.2151069641113,-7.29583406448364,Pública,Non,Si,158.9,103
27016315,IES de Becerreá,Rúa Castelo s/n,Becerreá,Lugo,27640,982828292,IES,42.8588142395019,-7.16605806350708,Pública,Non,Si,137.7,97
27016352,IES do Camiño,Praza Ulloa s/n,Palas de Rei,Lugo,27200,982870619,IES,42.8691215515137,-7.86736440658569,Pública,Non,Si,67.7,56
27016455,IES Sanxillao,Avenida DAS FONTIÑAS 171,Lugo,Lugo,27002,982828088,IES,-7.54659891099999,43.00491333,Pública,Non,Si,111.6,87
27016509,IES Marqués de Sargadelos,Rúa A Veiga (San Cibrao) s/n,Cervo,Lugo,27890,982870193,IES,-7.43764782,43.691436768,Pública,Non,Si,200.8,137
27016613,IES Río Miño,Rúa Rosalia de Castro s/n,Rábade,Lugo,27370,982870652,IES,-7.63060808199998,43.122745514,Pública,Non,Si,117.2,76
27016625,IES Illa de Sarón,Rúa Agramonte,Xove,Lugo,27870,982870973,IES,43.6863975524902,-7.50329208374023,Pública,Non,Si,204.9,140
27016649,IES Alfoz - Valadouro,Estr. Mondoñedo-Ferreira do Valadouro,Alfoz,Lugo,27774,982870051,IES,43.5434494018555,-7.42240715026856,Pública,Non,Si,177.6,118
27016704,IES Leiras Pulpeiro,Rúa Orquídea 45,Lugo,Lugo,27004,982870419,IES,-7.57396532400003,43.012920486,Pública,Non,Si,101.1,81
27016716,IES Fonmiñá,Avenida Doutor Cabaneiro s/n,A Pastoriza,Lugo,27287,982870015,IES,43.298942565918,-7.33929109573364,Pública,Non,Si,170.3,112
27020562,IES de Foz,Rúa Castelao s/n,Foz,Lugo,27780,982870287,IES,43.5651168823242,-7.26774549484253,Pública,Non,Si,178.3,116
27020902,IES de Ribadeo Dionisio Gamallo,Avenida América 1,Ribadeo,Lugo,27700,982870666,IES,43.5374565124512,-7.0512809753418,Pública,Non,Si,190.9,120
32001683,IES Martaguisela,Rúa A Coruña 22,O Barco de Valdeorras,Ourense,32300,988320931,IES,42.4156150817871,-6.9933876991272,Pública,Non,Si,,
32001725,IES Lauro Olmo,Rúa Calabagueiros s/n,O Barco de Valdeorras,Ourense,32300,988320175,IES,42.416187286377,-6.99511528015137,Pública,Non,Si,,
32003001,IES Nº 1,Rúa Alberto Vilanova s/n,O Carballiño,Ourense,32500,988788985,IES,42.4252319335938,-8.06990909576416,Pública,Non,Si,67.4,49
32008941,IES Eduardo Blanco Amor,Rúa Vicente Risco 13,Ourense,Ourense,32001,988219843,IES,42.3488807678223,-7.86538457870483,Pública,Non,Si,68.3,51
32008951,IES Ramón Otero Pedrayo,Rúa Padre Feixoo 19,Ourense,Ourense,32005,988220247,IES,42.3321762084961,-7.86401128768921,Pública,Non,Si,72.5,52
32009116,IES 12 de Outubro,Avenida Santiago 2,Ourense,Ourense,32001,988788211,IES,42.3487358093262,-7.86815023422241,Pública,Non,Si,,
32009131,IES Universidade Laboral,Rúa Universidade 18,Ourense,Ourense,32005,988788486,IES,42.3199958801269,-7.85763311386108,Pública,Non,Si,,
32009190,IES As Lagoas,Rúa Eduardo Blanco Amor 2,Ourense,Ourense,32004,988685020,IES,42.3447570800781,-7.85815095901489,Pública,Non,Si,,
32013582,IES García-Barbón,Rúa Antonio Fernández Pérez s/n,Verín,Ourense,32600,988685085,IES,41.933235168457,-7.44152879714966,Pública,Non,Si,,
32013612,IES Xesús Taboada Chivite,Avenida de Portugal 116,Verín,Ourense,32600,988685070,IES,41.933479309082,-7.439377784729,Pública,Non,Si,,
32014801,IES Cidade de Antioquía,Avenida de Ourense 186,Xinzo de Limia,Ourense,32630,988788534,IES,42.0767250061035,-7.73360252380371,Pública,Non,Si,,
32015037,IES Manuel Chamoso Lamas,Ant.Estrada Pontevedra - Mesego,O Carballiño,Ourense,32516,988788380,IES,42.4209899902344,-8.09221363067627,Pública,Non,Si,,
32015207,IES O Couto,Rúa Rampa de Sas s/n,Ourense,Ourense,32002,988391249,IES,42.3360176086426,-7.87349557876587,Pública,Non,Si,,
32015232,IES Lagoa de Antela,Avenida de Ourense 184,Xinzo de Limia,Ourense,32630,988788548,IES,42.0759811401367,-7.73306083679199,Pública,Non,Si,,
32015475,IES O Ribeiro,Rúa Hermanos Álvarez Araujo 5,Ribadavia,Ourense,32400,988788460,IES,42.2992973327637,-8.1283540725708,Pública,Non,Si,,
32015876,IES Xermán Ancochea Quevedo,Avenida XERMAN ANCOCHEA s/n,A Pobra de Trives,Ourense,32780,988330302,IES,42.3356208801269,-7.25599765777588,Pública,Non,Si,,
32016273,IES Xesús Ferro Couselo,Ponte Sevilla 43,Ourense,Ourense,32005,988386320,IES,-7.86381864499998,42.315639496,Pública,Non,Si,,
32016339,IES de Allariz,Rúa Emilia Pardo Bazan s/n,Allariz,Ourense,32660,988788001,IES,42.1879730224609,-7.80188894271851,Pública,Non,Si,,
32016340,IES Aquis Querquernis,Rúa Outeiro s/n,Bande,Ourense,32840,988788028,IES,42.032772064209,-7.97282457351685,Pública,Non,Si,,
32016431,IES San Mamede,Rúa  do Castelo 3,Maceda,Ourense,32700,988788561,IES,42.2706031799316,-7.65535163879395,Pública,Non,Si,,
32016455,IES Julio Prieto Nespereira,Rúa do Instituto 1,Ourense,Ourense,32001,988687840,IES,-7.86205101000002,42.356399536,Pública,Non,Si,,
32016467,IES Sección de Sobradelo-Carballeda,"Rúa Candis, s/n (Sobradelo)",Carballeda de Valdeorras,Ourense,32330,988788574,IES,42.4173202514648,-6.92569971084595,Pública,Non,Si,,
32016625,IES Celanova Celso Emilio Ferreiro,Rúa Fernandez Losada s/n,Celanova,Ourense,32800,988687950,IES,-7.95777082299998,42.151763916,Pública,Non,Si,,
32016637,IES Cosme López Rodríguez,Rúa Vicente Risco s/n,A Rúa,Ourense,32350,988783830,IES,-7.12813139000002,42.392108917,Pública,Non,Si,,
32016777,IES Carlos Casares,Estrada da Rúa 104,Viana do Bolo,Ourense,32550,988788594,IES,42.1881790161133,-7.10334777832031,Pública,Non,Si,93.4,64
32016790,IES Castro de Baronceli,Rúa CAMIÑO TUELAS 9,Verín,Ourense,32600,988788339,IES,41.9261054992676,-7.44047451019287,Pública,Non,Si,,
36000481,IES Ramón Cabanillas,Avenida Rosalía Castro s/n,Cambados,Pontevedra,36630,886151913,IES,42.5192909240723,-8.81097602844238,Pública,Non,Si,59.6,48
36000922,IES María Soliño,Monte Carrasco 3,Cangas,Pontevedra,36940,886120012,IES,42.2775192260742,-8.79150199890137,Pública,Non,Si,97.5,67
36002335,IES Manuel García Barros,Rúa da Cultura s/n,A Estrada,Pontevedra,36681,886152100,IES,-8.50390338900002,42.692512512,Pública,Non,Si,26.0,32
36002359,IES Plurilingüe Antón Losada Diéguez,Rúa da Cultura s/n,A Estrada,Pontevedra,36680,886151924,IES,42.6928901672363,-8.50511169433594,Pública,Non,Si,26.0,32
36004137,IES Ramón Mª Aller Ulloa,Rúa Banda de Música de Lalín 6,Lalín,Pontevedra,36500,886159886,IES,-8.10610103499999,42.663982391,Pública,Non,Si,51.4,37
36004551,IES Illa de Tambo,Rúa da Estrada,Marín,Pontevedra,36900,886152090,IES,-8.69913387299999,42.391025543,Pública,Non,Si,70.0,52
36004745,IES Plurilingüe A Paralaia,Lugar O Redondo s/n,Moaña,Pontevedra,36950,886120354,IES,42.2940940856934,-8.73534297943115,Pública,Non,Si,91.5,65
36006717,IES Sánchez Cantón,Avenida Raíña Vitoria Uxía,Pontevedra,Pontevedra,36001,886159039,IES,42.4288330078125,-8.6485767364502,Pública,Non,Si,63.2,48
36006729,IES Valle-Inclán,Gran Vía de Montero Ríos s/n,Pontevedra,Pontevedra,36001,886159950,IES,-8.64737987500001,42.431259155,Pública,Non,Si,63.0,46
36006730,IES Frei Martín Sarmiento,Avenida DE VIGO 23,Pontevedra,Pontevedra,36003,986852654,IES,-8.63976573899998,42.425773621,Pública,Non,Si,64.7,51
36007011,IES Pino Manso,Rúa Antonio Palacios 76,O Porriño,Pontevedra,36400,886110392,IES,42.1597595214844,-8.61379623413086,Pública,Non,Si,100.7,71
36007734,IES Mendiño,Avenida MENDIÑO 40,Redondela,Pontevedra,36693,886110590,IES,42.2912635803223,-8.61148357391357,Pública,Non,Si,81.5,64
36009901,IES San Paio,Rúa Casal Aboy 11,Tui,Pontevedra,36700,886110762,IES,42.0513687133789,-8.64881896972656,Pública,Non,Si,113.8,78
36011567,IES Castelao,"Rúa Aragón, 22 (O Calvario)",Vigo,Pontevedra,36206,886111111,IES,42.2321739196777,-8.70139122009277,Pública,Non,Si,88.1,63
36011579,IES A Guía,Avenida Dona Fermina 1,Vigo,Pontevedra,36207,886111003,IES,42.2536392211914,-8.69864940643311,Pública,Non,Si,86.3,60
36011580,IES San Tomé de Freixeiro,Rúa Gran Vía 191,Vigo,Pontevedra,36210,986231667,IES,42.2204742431641,-8.73026180267334,Pública,Non,Si,90.8,66
36011592,IES Santa Irene,Praza de América 7,Vigo,Pontevedra,36211,886121370,IES,-8.73215007800002,42.220230103,Pública,Non,Si,90.7,66
36011634,IES Politécnico de Vigo,Rúa TORRECEDEIRA 88,Vigo,Pontevedra,36208,986213025,IES,42.2265930175781,-8.73507976531982,Pública,Non,Si,91.2,66
36011798,IES Alexandre Bóveda,Rúa Cuntis s/n,Vigo,Pontevedra,36209,886121350,IES,-8.75054454799999,42.215293884,Pública,Non,Si,92.8,71
36012471,IES Castro Alobre,Rúa San Roque 25,Vilagarcía de Arousa,Pontevedra,36600,886151818,IES,42.5944938659668,-8.76112461090088,Pública,Non,Si,50.0,41
36013692,IES Val do Tea,Rúa Feliciano Barrera 15,Ponteareas,Pontevedra,36860,886110513,IES,42.1738739013672,-8.49755382537842,Pública,Non,Si,111.2,81
36013758,IES Laxeiro,Avenida Buenos Aires 71,Lalín,Pontevedra,36500,886151940,IES,42.6571884155273,-8.11208343505859,Pública,Non,Si,51.7,38
36013761,IES A Xunqueira I,Rúa Alexandre Bóveda s/n,Pontevedra,Pontevedra,36005,886159721,IES,-8.638257979,42.436775208,Pública,Non,Si,63.1,47
36014428,IES Val Miñor,Rúa Paradellas 15,Nigrán,Pontevedra,36350,986366050,IES,42.1361541748047,-8.80078315734863,Pública,Non,Si,113.3,75
36014520,IES Plurilingüe Pedra da Auga,Rúa Feliciano Barrera s/n,Ponteareas,Pontevedra,36860,886121205,IES,42.1733512878418,-8.4970703125,Pública,Non,Si,111.3,81
36014544,IES Indalecio Pérez Tizón,Avenida da Concordia s/n,Tui,Pontevedra,36700,886110749,IES,42.0509071350098,-8.64221000671387,Pública,Non,Si,ERROR,ERROR
36014601,IES Álvaro Cunqueiro,Rúa O Porriño,Vigo,Pontevedra,36209,886111181,IES,42.2160186767578,-8.75289440155029,Pública,Non,Si,ERROR,ERROR
36015101,IES da Cañiza,Oroso s/n,A Cañiza,Pontevedra,36880,886110001,IES,42.2159194946289,-8.26292514801025,Pública,Non,Si,124.0,79
36015184,IES Escolas Proval,Avenida Portugal 171,Nigrán,Pontevedra,36350,886110369,IES,42.1146011352539,-8.78021049499512,Pública,Non,Si,111.4,73
36016127,IES Plurilingüe Aquis Celenis,Mariñoleiras s/n,Caldas de Reis,Pontevedra,36650,886151130,IES,42.6027565002441,-8.63724899291992,Pública,Non,Si,47.6,38
36016656,IES Pedro Floriani,Rúa Pedro Floriani 2,Redondela,Pontevedra,36800,886120413,IES,42.2902679443359,-8.60939693450928,Pública,Non,Si,81.7,65
36016681,IES Carlos Casares,Avenida Ponte 102,Vigo,Pontevedra,36215,886120429,IES,-8.67199802300001,42.211669922,Pública,Non,Si,93.4,64
36017430,IES Ricardo Mella,Estrada Vella de Madrid 177,Vigo,Pontevedra,36214,886121001,IES,42.2179069519043,-8.67959022521973,Pública,Non,Si,93.8,64
36018173,IES de Teis,Avenida de Galicia 101,Vigo,Pontevedra,36216,886120464,IES,42.2514228820801,-8.69008255004883,Pública,Non,Si,86.5,59
36018379,IES A Xunqueira II,Rúa Celso Emilio Ferreiro 6,Pontevedra,Pontevedra,36005,886159090,IES,42.439079284668,-8.63721179962158,Pública,Non,Si,63.3,48
36018380,IES O Carril,Rúa Marie Curie 1,Vilagarcía de Arousa,Pontevedra,36610,886151791,IES,42.6122283935547,-8.77063941955566,Pública,Non,Si,53.8,42
36018461,IES República Oriental do Uruguai,Rúa As Coutadas 54,Vigo,Pontevedra,36207,886120490,IES,42.2433471679688,-8.70295143127441,Pública,Non,Si,86.5,57
36018501,IES Monte Carrasco,Rúa Monte Carrasco 2,Cangas,Pontevedra,36940,886110160,IES,42.2756690979004,-8.79392623901367,Pública,Non,Si,97.7,67
36018677,IES Luís Seoane,"Rúa LUXEMBURGO, S/N (MONTE PORREIRO)",Pontevedra,Pontevedra,36162,986857700,IES,42.4478645324707,-8.6215763092041,Pública,Non,Si,66.1,53
36018999,IES As Barxas,Rúa Fonte do Unicornio 2,Moaña,Pontevedra,36950,886120503,IES,42.2902755737305,-8.7355899810791,Pública,Non,Si,87.9,65
36019050,IES de Beade,Camiño de Outeiro 10,Vigo,Pontevedra,36312,886111030,IES,42.2016677856445,-8.71575164794922,Pública,Non,Si,101.2,72
36019062,IES Rosais 2,Rúa As Coutadas s/n,Vigo,Pontevedra,36207,886120511,IES,42.243968963623,-8.70202350616455,Pública,Non,Si,86.4,57
36019220,IES Auga da Laxe,Campo da Feira,Gondomar,Pontevedra,36380,886110209,IES,42.1138038635254,-8.764235496521,Pública,Non,Si,111.0,74
36019232,IES Monte da Vila,Rúa Bouzas 22,O Grove,Pontevedra,36980,886151412,IES,42.4907684326172,-8.86113166809082,Pública,Non,Si,83.7,61
36019244,IES A Sangriña,Paseo de Portugal 21,A Guarda,Pontevedra,36780,886110060,IES,-8.86199665200002,41.8998909,Pública,Non,Si,143.7,104
36019256,IES de Vilalonga,Lugar A Salgueira 40,Sanxenxo,Pontevedra,36990,886159137,IES,42.4474639892578,-8.83542156219482,Pública,Non,Si,76.3,54
36019268,IES Gonzalo Torrente Ballester,Rúa Herminia Fariña Cobián s/n,Pontevedra,Pontevedra,36003,886159156,IES,42.4218063354492,-8.6412410736084,Pública,Non,Si,67.4,50
36019323,IES Chano Piñeiro,Rúa Tras grupo escolar s/n,Forcarei,Pontevedra,36550,886151228,IES,42.5855674743652,-8.35573959350586,Pública,Non,Si,56.8,52
36019396,IES Francisco Asorey,Rúa Os Caeiros 25,Cambados,Pontevedra,36630,886159160,IES,-8.81147003199999,42.507884979,Pública,Non,Si,65.9,49
36019402,IES Pazo da Mercé,Rúa Ramal 3,As Neves,Pontevedra,36449,886110110,IES,42.0947456359863,-8.4236478805542,Pública,Non,Si,123.0,90
36019414,IES A Basella,Rúa A Basella s/n,Vilanova de Arousa,Pontevedra,36620,886151873,IES,-8.83014297400001,42.564491272,Pública,Non,Si,58.0,47
36019426,IES Coruxo,A Carrasqueira 68,Vigo,Pontevedra,36331,886111016,IES,42.1979293823242,-8.77959823608398,Pública,Non,Si,105.9,74
36019463,IES Johan Carballeira,Rúa Staffan Mörling 4,Bueu,Pontevedra,36930,886159176,IES,42.3188743591309,-8.78697204589844,Pública,Non,Si,84.9,64
36019475,IES de Rodeira,Avenida Ourense s/n,Cangas,Pontevedra,36940,986303933,IES,42.2628898620606,-8.77133846282959,Pública,Non,Si,94.8,64
36019529,IES Ribeira do Louro,"Rúa Ribeira, s/n (Torneiros)",O Porriño,Pontevedra,36410,986333956,IES,42.1526412963867,-8.63242435455322,Pública,Non,Si,102.1,70
36019566,IES de Chapela,Camiño do Penisal 29,Redondela,Pontevedra,36320,886110610,IES,42.2663459777832,-8.66773986816406,Pública,Non,Si,85.3,59
36019657,IES Primeiro de Marzo,Rúa Virxe da Rocha,Baiona,Pontevedra,36300,886110127,IES,42.118278503418,-8.86073112487793,Pública,Non,Si,119.1,82
36019669,IES Armando Cotarelo Valledor,"Rúa Armando Cotarelo Valledor, 4-6",Vilagarcía de Arousa,Pontevedra,36611,986512311,IES,42.5897026062012,-8.7840576171875,Pública,Non,Si,54.4,42
36019670,IES do Castro,Rúa José Gómez Posada Curros 1,Vigo,Pontevedra,36203,886121340,IES,-8.72623920400002,42.227752686,Pública,Non,Si,89.6,65
36019751,IES Antón Alonso Ríos,Solleiro s/n,Tomiño,Pontevedra,36740,886120522,IES,-8.73251152,41.989215851,Pública,Non,Si,123.3,88
36020131,IES de Mos,Rúa das Pozas 23,Mos,Pontevedra,36416,886120544,IES,42.1968994140625,-8.63277244567871,Pública,Non,Si,94.8,68
36020143,IES de Poio,Rúa Fontenla s/n,Poio,Pontevedra,36995,886151444,IES,42.4439582824707,-8.6894998550415,Pública,Non,Si,66.1,50
36020234,IES de Barro,Lugar Outeiro 9 D,Barro,Pontevedra,36194,886159216,IES,42.5226593017578,-8.63417530059815,Pública,Non,Si,56.5,47
36020246,IES Illa de Ons,Rúa A Pedra 51,Bueu,Pontevedra,36930,886159510,IES,42.318717956543,-8.78640174865723,Pública,Non,Si,84.9,64
36020258,IES Avelina Valladares,Rúa da Cultura s/n,A Estrada,Pontevedra,36680,886151031,IES,-8.50651836399999,42.692611694,Pública,Non,Si,26.0,32
36020261,IES Plurilingüe Terra de Turonio,Campo da Feira s/n,Gondomar,Pontevedra,36380,886110203,IES,42.1144332885742,-8.76464176177979,Pública,Non,Si,110.4,74
36020271,IES As Bizocas,Rúa Balea s/n,O Grove,Pontevedra,36988,886151420,IES,-8.912154198,42.464279175,Pública,Non,Si,83.4,59
36020283,IES da Illa de Arousa,Rúa DE BOUZAS s/n,A Illa de Arousa,Pontevedra,36625,886151059,IES,42.5565490722656,-8.86622428894043,Pública,Non,Si,62.7,53
36020295,IES Mestre Landín,Lugar A RAÑA - SAN XULIAN,Marín,Pontevedra,36915,886151315,IES,42.3840141296387,-8.69501399993897,Pública,Non,Si,72.9,52
36020301,IES de Meaño,Rúa dos colexios 14,Meaño,Pontevedra,36967,886151367,IES,42.4562530517578,-8.81369590759277,Pública,Non,Si,70.5,50
36020313,IES de Ponte Caldelas,Valdarrosa 13,Ponte Caldelas,Pontevedra,36820,886151477,IES,-8.50470161300001,42.386936188,Pública,Non,Si,ERROR,ERROR
36020325,IES Illa de San Simón,Avenida de Mendiño 28,Redondela,Pontevedra,36800,886110635,IES,42.2886390686035,-8.61096286773682,Pública,Non,Si,ERROR,ERROR
36020337,IES de Salvaterra de Miño,Lugar Chan da Ponte 12,Salvaterra de Miño,Pontevedra,36450,886110701,IES,42.0863075256348,-8.50577640533447,Pública,Non,Si,ERROR,ERROR
36020349,IES de Sanxenxo,Rúa Baltar s/n,Sanxenxo,Pontevedra,36970,886159797,IES,42.4021492004395,-8.82178497314453,Pública,Non,Si,73.1,52
36020350,IES Plurilingüe Pintor Colmeiro,Estrada de Pontevedra - As Ferreiras s/n,Silleda,Pontevedra,36540,986580904,IES,42.6888427734375,-8.2493257522583,Pública,Non,Si,41.0,33
36020362,IES Plurilingüe de Valga,Baño s/n,Valga,Pontevedra,36645,886151980,IES,42.7069282531738,-8.65611076354981,Pública,Non,Si,31.0,32
36020374,IES Valadares,Rúa Clara Campoamor s/n,Vigo,Pontevedra,36315,886111060,IES,42.1670570373535,-8.70775699615479,Pública,Non,Si,104.6,72
36020386,IES Marco do Camballón,Camballón 24,Vila de Cruces,Pontevedra,36590,886151731,IES,42.7926368713379,-8.15953922271729,Pública,Non,Si,50.7,42
36024197,IES de Cotobade,O Río Tenorio s/n,Cerdedo-Cotobade,Pontevedra,36120,886159784,IES,-8.56371974899997,42.462497711,Pública,Non,Si,72.4,56
36024203,IES Faro das Lúas,Rúa CUXHAVEN 7,Vilanova de Arousa,Pontevedra,36620,886159230,IES,42.5648727416992,-8.82551860809326,Pública,Non,Si,57.6,47
36024628,IES Pedras Rubias,Rúa A Revolta s/n,Salceda de Caselas,Pontevedra,36472,886120550,IES,42.0881576538086,-8.58238220214844,Pública,Non,Si,112.4,79
36024781,IES do Barral,Lugar Barral s/n,Ponteareas,Pontevedra,36860,886159940,IES,-8.49120712299998,42.175014496,Pública,Non,Si,111.4,78
36024987,IES de Soutomaior,Estrada de Soutomaior 46 C,Soutomaior,Pontevedra,36690,886159801,IES,42.3399276733398,-8.5945520401001,Pública,Non,Si,76.1,56
